"","V1","V2","V3","V4","V5","V6","V7","V8","V9","V10","V11","V12","V13","V14","V15","V16","V17","V18","V19","V20","V21","V22","V23","V24","V25","V26","V27","V28","V29","V30","V31","V32","V33","V34","V35","V36","V37","V38","V39","V40","V41","V42","V43","V44","V45","V46","V47","V48","V49","V50"
"V1",1,0.0353279066214668,-0.0187739010622615,0.00525356404125589,-0.0402207982149228,-0.0795843950051701,-0.0405185044880538,0.0730816339510356,0.00862737458933057,-0.0492337528848839,0.0137740688874913,-0.0635784451357832,0.162859641810313,-0.0041231395910383,-0.0449479535598169,0.0519532742116137,0.107193743306137,0.0231968489371056,-0.0242301985568968,0.00498859356334565,-0.0157191916159081,-0.0387400873140174,0.070387029220392,0.0274127731300199,0.0366131111485592,-0.00559651572677985,-0.0570759593486362,0.0412961544940891,-0.00588942104523925,0.070554511515211,0.0283816420416626,0.0912612343714305,0.011222657473759,-0.112699883465316,0.0178144962795913,0.126731295765534,0.00550090927813425,0.0202780156756346,-0.0649103900418671,-0.0159665916628423,-0.000873126280444011,0.0397196578032842,-0.0227183920599208,-0.0309979646974685,-0.0331646469487334,0.125489154917663,0.223052928591623,-0.0393590092315317,0.00810991413073364,-0.00826692538662002
"V2",0.0120146103466218,1,-0.0805454689043147,0.0199197256063512,-0.00597037685537076,-0.00881934582063811,-0.00113720505108227,-0.0417448542591008,-0.00441610935447362,-0.0632313123570444,0.0365514152191597,-0.0720595605143868,-0.0205848288646794,0.0337506175005826,-0.0562589739229973,0.000890146048587439,0.318914062029924,0.0275643921502259,0.0194492687125332,-0.000696164256831148,-0.0251606621319247,0.00269046130205582,-0.0152035126936325,-0.0252231548853103,-0.0210055535183833,0.0336949072352354,-0.0332618596220142,0.0110391207304,0.00947757410003219,-0.0041819053528559,0.0318661650766301,0.0205279986425965,0.0522547660616062,-0.0114465091420803,-0.00578076849237276,-0.0045581246541953,0.0553878031879026,0.0729864809917362,-0.0261004591711869,0.0318401086437397,-0.00396056631229475,-0.0333879229450174,-0.0511681006701654,-0.0260957463747072,-0.0226818118592157,0.0231367492817267,0.000673381244909992,-0.0256225145149997,-0.0153330376853566,-0.0289801633032087
"V3",-0.0028170693685769,-0.0295848627765983,1,-0.00638909805780559,-8.34912477722756e-05,-0.047230620283405,-0.0324234639962325,-0.0213804411519323,0.0138148292966563,-0.0128093493215207,0.0142801362685244,0.382831720436991,-0.0192231634708164,0.0304092008961909,0.00222044435795893,0.00276127280221399,0.015829842411394,0.085917641916261,-0.0346594026010222,0.00475406615827867,-0.0345142204493843,0.0465092285283164,-0.0130820990003487,0.0121619602621192,-0.0695585045986996,-0.00947115427035573,-0.0505518835397952,-0.000886753264526,-0.0224023705960807,-0.05021054496258,2.85647150124808e-06,-0.065251036323659,-0.280358888277215,0.054626603925532,0.034696041912057,-0.001365746369878,0.0183177190869083,0.0521048828082493,0.00579836866524932,-0.00533065492817501,-0.0068289760587533,-0.00472411386293542,-0.0406225377170858,-0.0066409944269865,-0.00795752758404642,-0.00455124826317076,-0.0272230377839094,0.0593660054058677,-0.0370284934644382,-0.0118983858173348
"V4",-0.0505543905793519,0.0181489000868221,0.0172107111377606,1,-0.0284584717059987,-0.0176578539649144,0.0104468799517044,-0.0151240590796304,0.0173417338250514,0.0255714005937329,-0.0496515134944124,0.0183427832715708,-0.00569085713124628,0.0243304139634415,-0.00858163822879768,0.0056279676421757,-0.0220466394463091,0.0109291864802304,-0.0197362396476325,-0.0249592204530742,-0.0235684445620746,0.0271296507871738,0.0086271373742876,0.0358553772723253,-0.0546704298663065,-0.0353627908702554,-0.0314039210078511,0.00260690876342413,-0.0526160743602051,0.0115525730758572,-0.0211673371224289,0.0350164918645866,0.010787618844342,0.0219438508963634,-0.000630448714950009,-0.043321633411099,0.0510859636874859,0.0176368544421836,0.0696471454913674,0.0174575692292712,0.0305408699309256,0.0021132187121802,-0.012275815703651,-0.0210515314454002,0.0314884381721554,-0.00727772189510053,-0.0203207411706461,0.0112202030458353,-0.0296679513426708,0.00747650613906134
"V5",-0.0539052506052046,-0.00625736727261388,-0.0245982790535723,0.00700953164348608,1,-0.0164109786203993,-0.0271635604219052,0.0412886950989719,0.0237538032568262,-0.0108500280519074,0.0264616979727491,0.0185975756377157,-0.0299313381126011,-0.00423363905966438,-0.0316423325271561,-0.0175290404580067,-0.0172929587697542,-0.0133483770726702,-0.00899218140875005,0.047450441641252,0.0440716969450853,0.0530572548789525,0.0101451275003991,0.02730319793956,0.00146114601422844,-0.0254390306224873,0.00175686336438926,-0.0333546100090531,0.0157855149276323,0.0497674862482434,0.0750263326785433,-0.00247437011680509,0.0370267280916047,0.0648632760736784,-0.0206442562559728,0.00590414457132102,0.0281769961723387,0.0110502665832206,0.0891639670766195,0.0138595131203783,0.0137038564147803,-0.132045097895383,0.0270960396225655,0.284780753196958,-0.00633307890796018,-0.247337967364057,-0.039498137427307,-0.0103081782921961,0.174327169359971,0.0913745470632318
"V6",0.027044007294463,0.0238795692263872,0.00479322372460573,0.0156941264148498,-0.0121871941349593,1,-0.00675779525010374,0.0128030659561475,0.00494573514796978,0.00580942816626406,-0.0216786136002654,-0.0290640379590047,0.0264395524104147,0.0519403757605714,-0.133903079145471,0.0021472782674122,-0.00194928621110901,-0.282579694580117,0.0083797638030915,0.0113045024907407,0.363714771353238,-0.0643919190065368,0.0323458255412667,0.00835800283522094,0.183553788465552,-0.0352065805516164,-0.053366315214787,-0.0918112336409696,-0.0522733269085274,0.0228315874864579,-0.0280380130616509,0.0392539456814186,-0.0195921530581046,-0.0301964022493101,-0.018647860385452,-0.187628851811203,0.00901904210248002,0.0154027303375352,0.145072728453517,0.0152041916852009,-0.0501405788578716,0.031534342360319,0.217653089056561,0.0187765433071003,0.0497512531192095,-0.520502382116372,0.00493197987796018,-0.0583934488991329,-0.0120032849465767,0.0348098845731251
"V7",-0.0222888837883322,0.0215661676267041,0.0234449876977161,0.00359437629857573,-0.0246310273879837,-0.0200771987769171,1,-0.00397827843578719,-0.013873734700506,0.0124977237015903,0.0482055405381278,-0.0106497855221663,-0.00328426466501653,0.0111617554229484,0.00559883111302607,-0.0095481068830349,0.00457870372354224,0.00576374976910686,0.0661310152908019,-0.0339860921285753,-0.0402499082230816,-0.0647459001484464,-0.000546326975398197,-0.260972355782643,0.0769029654310845,-0.0247097850526297,-0.0459491380523016,-0.108180091104037,-0.0314421115161215,-0.0612614920210092,0.0159598065815275,-0.0789602307472101,-0.0645332808954014,0.0352667516656401,-0.247516914275167,-0.00476336478811427,0.0218603209501793,-0.0203017449706974,0.095759255183102,0.0908009459490473,-0.142377384324611,-0.0125613040436364,0.143276113049865,0.0458802435126328,-0.0972228974483284,-0.0168300331456268,-0.0337475786511584,0.0178392593295447,0.192696289312354,0.0249832954993092
"V8",-0.0208330761523479,-0.0121996946553238,-0.00875459157229004,0.0166706435622177,0.0356085637377132,0.00568142318004255,-0.0108900363499189,1,0.0387439185147876,0.00918815011941305,-0.024001160510027,-0.0504909116451771,0.0336093468984037,0.00802713768607977,-0.000346346530440833,-0.00572639188527007,-0.0155190855527629,-0.0228088528390311,-0.0119277834022871,0.0235835936336732,0.0323082037721098,-0.0140851213895712,0.01086842814312,0.0238314061126104,-0.0118314756888782,-0.0288258476285488,-0.00715850061526545,0.0277034455888171,-0.0370912169456985,0.44637177663614,0.0235004397777184,0.0340431333641653,0.0384114705267625,-0.0395849594826044,0.0378987380308656,-0.0223168540500767,0.00983148981487521,-0.040112857714742,-0.0597558239717303,-0.0047632589073215,0.00455256705151114,0.0509207156377822,-0.0343919857457817,0.0170404004847739,-0.0088165139245435,-0.00700321058446736,0.0185524265234444,-0.022338475043632,0.0196740265575033,0.0659167627405016
"V9",-0.0155325879003275,-0.00492425163588024,0.0141541314809853,-0.00866058136190243,-0.0371999348877312,-0.046608374979167,-0.00387939653216721,-0.00763901594116405,1,0.0114027789501145,-0.0129284727141674,0.0372279349825031,0.00750771920879172,0.0327264319215322,0.0434933912672506,-0.0210276180303548,-0.0145179703060748,0.0450570564107779,-0.0202168446549384,0.0240944097843931,-0.0292301118925017,0.00725169889351253,0.0245719619203245,-0.00847560894792574,-0.0175524259320432,0.028273045479954,0.0564471221883245,-0.00890319288251849,-0.00911965987852938,-0.0129150928618825,0.00503086881394637,-0.01533899068792,0.0472538054406786,0.00184664718095831,-0.00661162067528416,0.0170258853693895,0.00666800444337214,-0.0217651499019904,0.0158897513546626,0.0269142222487177,-0.0159245995767686,-0.0355979048843391,-0.0371891192652,0.00894717127941486,0.0117196368872342,0.0104008557709094,-0.0123048833094284,0.048817013783605,-0.0413564477856766,-0.0511815011767857
"V10",0.00436091231575504,-0.0313328202802607,0.0074311485885417,0.0075253453739138,0.00141496270620242,0.0105546233202316,-0.0353780127275293,0.0556272464848242,0.00426816449171087,1,0.00500303668546704,-0.0184881778413862,-0.0169432270577513,-0.00242000312573637,0.156734294555647,0.0301116439642688,-0.526793113429071,-0.0851493551281894,-0.0954630736782819,-0.354497051208243,-0.017849185297781,0.00599286603644226,0.0180177429165289,0.0103022654656034,-0.0619203549798312,0.00973291240389011,-0.0488458594994648,-0.0438679166000184,0.0278376027426284,0.0135506952272185,0.00299631635089757,-0.0467877257211042,0.0499921375707492,0.0023911354605582,-0.0133204703885515,0.00479070941814266,-0.0364146426880381,-0.177307629720036,-0.0616726279103729,-0.00503178964048656,-0.102357736704098,0.0890143739521445,0.0123619722434246,0.102926888156484,0.0196922384349741,-0.0285185335321021,-0.0170788397496424,0.0267076878744903,0.306096261422155,0.041865115844871
"V11",0.131527776206604,-0.0118944115271696,0.0738130563159998,0.00344263153541455,-0.0606608981083884,-0.0726937236168589,0.001997756210006,0.0512555846576286,0.0315989538958835,0.0184884255113652,1,0.0387131893287082,-0.020098656636476,0.0255062912292968,0.0124541961180469,0.0839225569733032,-0.0534475490068002,0.227544161473751,0.00141157358123431,-0.0834714863526511,0.0370344731743778,0.0139651981502504,-0.0165960606432049,-0.0256915336567223,-0.125466173980006,0.145548482160084,-0.360375072106903,-0.037711477168998,0.174296162825081,0.128444062482311,0.362972567729666,0.00376200973662732,-0.100728541403681,0.0221622089488668,-0.0296892868949836,0.0454526183868986,0.0351699640669643,-0.00841203284607494,0.0412859210252677,0.0125991095592718,0.0489809886575447,0.106466307051657,-0.065099457011389,-0.0510878446054043,-0.0170781399288389,0.0224312734263012,-0.0279862502435506,-0.00620755021743154,-0.00155974226610399,-0.00708019344945849
"V12",-0.0459208168562914,-0.00267525092010458,0.0169292843313664,-0.0278997607028873,0.00773367559497024,-0.0279421989214779,-0.0385185230164365,-0.000749963688359459,-0.000602277077544467,-0.0450052951555839,0.0461566115269808,1,-0.0627852574466985,-0.0241535230683247,0.00805239579707396,-0.0343187112726818,0.0020368005169535,0.0492754584747755,-0.052296302665897,0.0462950760408348,-0.0225685283048553,0.073124724089083,0.00561009945303828,0.029473115379909,-0.0706377497010196,0.0338606781392417,0.0579105518526723,0.0369097714830698,0.0572806021176828,-0.0209547183114471,0.0449228733181161,-0.0459624160654695,-0.0118942701626619,0.0762536459750349,0.0386989667858698,0.00207501198625001,0.0549516170527958,0.195369726458539,0.00583492956247395,0.0157212562495524,0.0025989347425153,0.0262254539411264,-0.0510377533667326,-0.0668664905053777,-0.0171012526958524,0.00786859896387139,-0.0748124806000478,0.142534953935088,-0.0514433706417581,-0.0763329672655271
"V13",0.0270941862915994,-0.057267280805362,0.0697541217452467,0.0126476612208418,-0.0450173937750428,-0.0043459122266478,0.0220933893396368,-0.0102155402461418,0.0417024868600831,-0.241448824615308,0.167798452624608,0.0387634577356601,1,0.0113399125498937,0.00126980487090176,0.167441819349814,0.0854391133519783,0.0773291318173993,0.0345968064598508,0.0442295557083656,-0.0131613440587192,0.0617053439114131,0.391535668512774,0.0115821680703958,-0.0823966130127616,0.0597159307316567,-0.0286938223406476,0.0374745849699524,0.0392773138066883,0.00306016656901043,0.0822146582995481,-0.00362961597371774,-0.0282625369359392,0.0633495204343834,-0.0159277561683605,-0.0452589734093043,-0.0158274195122642,0.000490490067514106,0.0876312288948379,-0.049666109819579,-0.00961972984744263,0.081990734554218,-0.0698293240233399,-0.0549069804854605,-0.00377025852130885,-0.006103901686712,-0.0654746057682975,0.00145528116303386,-0.0549906149562594,-0.0236577928599416
"V14",0.0213345988185158,-0.0172810081627871,0.0376055457022344,0.00700595143721328,-0.0294500508769329,0.0306708509199076,-0.0275632494534741,0.0101967974191304,-0.00126931729969301,0.00763022018795137,-0.00332329735977146,-0.0140284821676016,0.0151645375047827,1,-0.00990640841846128,-0.00363233377792214,-0.0058580112653578,0.288670359905995,-0.00467479336192293,0.0263428727536046,0.0148709024908611,-0.0845350344327746,-0.0127859692808523,0.0611783992277031,-0.0351600635775757,-0.0508173859993562,0.0310650727521418,-0.261517116873468,-0.0379401619173995,0.0619428596962761,-0.0160679759104144,0.0574864142488826,-0.0356898821369832,-0.038921254978213,0.037566828342617,0.034930687383244,-0.0140396870064824,0.0119838984077786,-0.0148090104761935,0.0565873549629476,0.082037877649131,-0.0101460089576945,0.0761734914240948,-0.0109969499395712,0.0284993733509244,-0.0472382006261476,0.0318825753220211,-0.0115846308652529,0.0264591919094698,0.0426167471483589
"V15",-0.0538706520010032,0.0547373006713887,-0.0247704898089206,0.0151420631240239,-0.015370325452797,-0.0179986074110445,-0.00125031040213738,0.0149018108414379,-0.0168612243674578,-0.051205424856125,0.0205831517179636,0.00725976890013222,-0.0585356376128536,-0.0531454263331727,1,-0.0168869218839492,0.0277317859481684,0.110385132786897,-0.409192872691325,0.0630336821951317,-0.033200659184346,0.0795453192153298,-0.0890102062762036,-0.0429001450518326,-0.0242624750844704,-0.00435417857840885,-0.00813835238571023,0.0470770154671696,0.0321699247938367,-0.00217454911033403,0.0672818586764275,-0.00993341104442834,0.0444203112216702,0.0163795395379189,-0.00224202580499558,-0.00882220312964417,0.0347584614829794,-0.0202998769103275,-0.124646558546756,-0.0179150295476869,-0.27446528936243,-0.0925065617563068,-0.0498982648961927,0.0745537261109274,-0.0399292688597843,-0.0162324778639201,-0.0655272131571795,0.0509451371655327,-0.029051719944988,0.0863790813033964
"V16",0.0360360230859635,-0.00180180521550053,0.447458549551229,-0.00091453106013697,-0.0213940611656016,0.0611151741430535,-0.00604230061314814,0.00368854207288571,0.00479213015099687,-0.00316593710626289,0.000906920309646513,0.125711703168637,0.0267826811602884,0.124202295168665,-0.0421668418029818,1,0.0448166518230034,0.040803842772849,-0.0225494925930726,0.0219245633557393,0.0872278009705497,0.0107749439825027,0.0270870605921267,0.0347588458793067,-0.00744344224875355,-0.0227824956302329,-0.000238488301456771,-0.00455794823406136,-0.0215669495752308,-0.0114396268305242,0.00154387852079178,0.0287291899500908,-0.105767756702328,0.00665936469621114,-0.0244700639962766,-0.00858352750596037,-0.00328329505659966,0.072555017528224,0.240155087627776,-0.00224433521598242,0.00458057694678298,0.0354391601090637,0.0262916297320253,-0.0300289978490366,-0.01643295870062,-0.0118390132600727,0.0330298968072163,-0.0379128437041435,-0.0147051760914793,-0.0017920673979855
"V17",0.0316137993661424,-0.00306935771079392,0.00167962825996255,0.040861725612111,-0.0221091054026152,0.0243544456556936,-0.0404096386718731,0.0362069904166713,0.00784410728651217,-0.124457433171221,0.00689275834065229,-0.0187778311248813,0.0263004344017946,0.0201441664684245,-0.258247233869645,0.0137355858960667,1,-0.0204459701449041,0.0761752072439837,0.0344344832713993,0.0381603505159194,0.0203584943478105,0.00276847414294908,0.00913293938264795,0.0213436340302016,0.0181219588663635,-0.00315465159289132,0.00699400778826802,0.0322903311231636,-0.0164259276436576,-0.00261738555674621,-0.00973803292848495,-0.0288049530832816,-0.016502319595915,-0.0151223409201536,-0.0156771685681774,-0.0168123706927118,0.336907712587363,0.0390627947455648,0.013174517068699,0.0711732356911538,0.0582699827388207,0.0138412372344899,-0.166630466713179,-0.00487373226558554,0.0449056664208941,0.00128575315811376,-0.015035582420203,-0.0957092882846234,-0.0341858929136173
"V18",-0.0172063383151683,0.0189883924437008,-0.0163039472160686,-0.0187636406529918,0.0282964341220685,0.00471596961673046,0.0623720902329404,0.0497162775848365,0.046862318201475,0.0501719165471822,-0.0264540181664321,-0.032158652469573,0.00166210855092131,-0.0140276103015677,-0.0054012492439013,-0.0261269041647855,-0.0193883056908487,1,-0.0462365873850962,-0.0166706684443858,-0.00557387640352577,-0.00333530363376751,-0.0374055643253364,0.00946056595591615,-0.281606941087861,-0.0279962634837206,0.0751889347764293,0.058636793016758,0.032638161143247,0.0181809443513301,0.0108751466381015,0.0422053296540388,0.0174622421704596,-0.00660006504744007,0.0270015205999686,-0.00969483727497287,-0.0375286005501797,-0.000435506815223906,0.0918091001098434,2.92539958978088e-05,0.280434979170142,0.00923201568616151,-0.0290983506883536,-0.0404614559832842,0.0220327325613311,-0.0299565104195303,0.0222306102811696,-0.00610512778586845,0.055140584596644,-0.0192560282148345
"V19",0.026478505137278,0.00161066182935784,0.0308567982546876,-0.053790440135574,0.00203976089682746,0.0491604973805894,-0.0135117724084734,0.0298099697723108,0.00687299501820449,-0.0214547227787026,0.00984507733067381,0.00654216958752352,0.0311229761234698,0.0972333715996705,-0.0246941048651389,-0.0103474978303457,0.0335634853522783,-0.0325362669895384,1,-0.0345562032539273,0.054132705178433,-0.0725163872391384,0.00608957085551653,0.0788335109298398,-0.00273138062500602,-0.0206510580709343,-0.0461737520336583,-0.0560367417715696,-0.00645681163178699,-0.0167318455742416,-0.00281184645518551,-0.0169084132662687,-0.0264101311172097,-0.0156239311559514,0.0132426757461482,0.0347145779439682,-0.0784318141764753,0.0453472022596081,0.33349916474025,0.00047717652689088,0.0361526883831401,0.0178905048118184,0.0247232973699788,-0.0275657361638624,0.0528710151692254,-0.0281977383587549,0.0243272599297503,-0.101620296507435,-0.00117002499503101,0.000145206486086435
"V20",0.0138306933191766,0.00372926601439342,-0.00995809286612041,-0.00275971963700616,0.0425850672225314,-0.0784423618125024,0.00497572237201633,-0.0207637372378818,0.015260856508409,0.0275669611743633,0.00377980542979678,-0.0131848279350231,0.00592610398440366,-0.0148480685076821,0.0423809139797115,-0.0274509073129538,-0.0140115799434396,0.00993361117137223,-0.0188073790535257,1,-0.0150240554805615,0.0543226121446834,0.00639209105694865,-0.0359514815431244,0.222916991980466,0.0526464193193192,-0.00568888265725207,0.0222023139207041,0.0710147316543589,-0.00651475167185811,0.0946762858936325,-0.0214978006838567,0.0277672442295173,0.00329403245366347,0.021742243545443,-0.0479313341054531,0.00646805240235636,-0.0309411277451225,-0.0954947438960182,-0.0151536886347315,0.00157512183856734,-0.288527564060386,-0.0191924490311951,0.0223606150067762,-0.0230778735891507,-0.00647971340462856,-0.0255834391776415,0.0330223032128992,0.0130208737300167,0.0334208260322472
"V21",0.00515116025959278,-0.0244492066426766,-0.0135529021357895,-0.00960582725777774,-0.0162446841581344,0.0140347294254186,-0.0144971327785637,0.0118201584858255,-0.00698877573852112,0.0496625991398169,-0.0768754653869616,0.00168310801845561,-0.0487330900711834,-0.0449110953169039,-0.289189588151287,-0.00986189929478589,-0.0261308846411089,-0.0479222222891174,0.105205407879063,-0.0176336983021722,1,-0.0358894240951561,0.00830539625240564,0.00815508998140388,0.213978047612016,-0.0409876567013054,0.00271662576368837,-0.118019870875369,-0.0501011228732138,0.0297092459001235,-0.0444090900802209,0.0244043358142637,-0.0610181872296359,-0.00595447080917877,0.00327801746325564,-0.0213780431241697,0.0376735119349427,-0.00621766721586194,-0.0376929829815808,0.0689008966171236,0.0772725426270148,0.0346168796674171,0.424294429782433,0.0209406861387628,0.0157552062319701,-0.0456749434738399,0.0111586185434999,0.000629415074001166,-0.000906909957240631,0.0531262609534138
"V22",0.0233049003527493,-0.0381847959475251,-0.00512659517123014,0.0230711723167323,-0.0182593044096305,0.0222167763765168,-0.00274034145439715,0.0173094031241499,0.0297510915943619,-0.0133029232442564,0.052664601751181,0.0110464321074219,-0.0216580501326405,-0.000397397424190435,0.0014236757591065,-0.0246823381318581,-0.0100829707331821,0.0175778683574198,0.00471266763440604,-0.0192757688687657,-0.0424491774633805,1,-0.0483692973220109,-0.0250515889265099,-0.0448255042233748,-0.00414520134513124,-0.0329073183153922,0.0483526607250199,-0.0260304650359361,0.0366619701891297,0.0290964412261286,0.00178589260634064,-0.00362869155499511,0.00903319864721223,0.0102796296411573,0.00805761209053176,-0.000459956939352888,0.00339314125278386,0.0179123652646549,-0.0332302496084645,-0.0235872585806927,-0.0156676794244154,-0.0295653606342623,-0.00297851894983887,-0.0303811112750579,-0.0303292582768827,0.00738737247246312,-0.00628390546996575,0.0065051341075835,0.0433354170010998
"V23",-0.020756513726156,-0.00189780357079836,0.223797513994741,0.00645394753801077,-0.0198974561631055,0.0322659854460812,-0.0253951623973379,0.0230478483424445,-0.030924697870791,0.0922342130324124,-0.000931421514579764,0.0820062018795415,-0.062162553416461,0.00122363709241851,0.015331706387298,0.42554926231505,-0.0716227122961265,-0.0120904441030807,0.000473395746832705,-0.0387775951263924,0.00650295716004362,0.0226534361168151,1,0.0151982741376071,0.01833376952905,0.0165803747791895,0.0120653008776989,0.00274526801164486,0.028190861036965,-0.000459152814895953,0.00521716765748052,-0.0162374222327784,-0.0154775573503309,0.0137391633957979,-0.0137905950874358,0.00961642735629724,0.032698803321198,-0.0368011856447127,0.0829042840504022,-0.0106166254679655,0.039292301543749,0.0522160815268799,0.0313552504095619,-0.0134173862840802,0.000453350734791597,-0.0270588742808707,-0.0590267770881577,-0.00887738544536751,0.0275509431330669,-0.00876137302353533
"V24",0.0202407879598634,-0.0216192577470107,0.0246016531854289,-0.0685333036097471,-0.0271007947198656,-0.00960280217992188,0.00438282828248138,0.0730220222829434,0.0334255082958202,0.15755405450307,-0.00694981841932899,0.0541480404258537,-0.0294699975159503,-0.0628793781927163,0.103764035240889,0.0135431533468048,-0.078287773032831,-0.228430104536023,-0.503036833912496,-0.0927791748343835,-0.0157375236564571,0.0156121897405578,0.00184319949953415,1,0.00317292031106931,-0.0800221366227462,-0.00923616127132404,0.0364470931166401,-0.0424420106915254,0.040624258160484,-0.00616441734086957,0.00575211819340568,-0.0176750488260629,0.0471224534934912,-0.0206606388743828,0.0662834312228221,-0.00302690935833816,-0.0376552851963136,-0.181124800278631,-0.0768060002976744,0.398084683763369,0.108545956657906,-0.0013748350388443,-0.150342686664176,0.334989991767708,-0.0520505832509202,-0.0173826444791611,0.0444161560828423,0.0703691255672978,-0.0613243354313935
"V25",0.025666773399861,0.0213788420395843,-0.0202471134024398,-0.0133247878671462,-0.0294927035113527,-0.0206756229672862,0.0115538708475295,0.0274002631868541,0.024390399824299,-0.039878074470288,0.00995940070430248,-0.057388753828398,0.0523655765559591,-0.063725918912337,-0.0362613271727472,0.00299806432556521,0.0779009399103525,0.0593287820106302,0.0193360244046169,0.0257544324529569,-0.0115405327589948,-0.0385591514708933,0.0280474513751165,-0.0427992576500761,1,-0.0422685554932309,-0.0678305829730909,-0.0371879862919862,-0.07929965887712,-0.0180557280301572,-0.00147551887643472,-0.0223627142456798,0.0270222768947751,-0.0535671363806198,-0.0425859943692502,0.0405270110395029,0.0221275031811534,0.000832589856797594,-0.379361937157041,0.000262620372659122,-0.0266968308355851,-0.0209817699242204,0.0295040490032128,-0.00327267776347273,-0.0217609009621433,0.0423275514398707,0.0649041971829221,0.0888872129789909,-0.0304025712113445,0.0322883637794302
"V26",-0.100087350724348,0.00667726556905576,0.040973374454799,-0.00810775040519403,-0.0398983270890575,0.00629188333444669,0.0287638733454089,0.058950146606108,-0.109518093691069,0.142618099246114,0.0735304479770196,0.115179862462544,-0.0638221840227166,0.00996500855500997,0.0345563325316968,-0.0185278470692514,-0.321741079413002,0.1763964424403,-0.0830328650692323,0.0664712498773081,-0.0205402551533833,0.0383203449812105,-0.0560767792352749,0.0295402939728282,-0.0670787522194974,1,0.0791889608004162,-0.0484132544632664,0.514919532028995,-0.0936881619119724,-0.00463049640546271,-0.0716586481819239,0.0130151466243669,0.10290962315508,-0.0219265120142894,-0.0559173471690737,0.0144753029174933,-0.108766149766871,-0.00158890993318319,-0.0679130284350577,0.0465319838393464,0.0190959456503637,0.0247298250479207,-0.0358945130454481,0.0235453688417577,-0.0131525330933039,-0.154354319142795,0.107495279969065,0.02283446379607,-0.0919780486960577
"V27",-0.248638769009721,0.067609748388541,-0.23445183995448,0.0421696594498923,0.128683512106369,-0.0956874018444691,0.00743774669635163,0.0369988116325343,0.0658226842520031,-0.0523868709817123,-0.0547694097672786,-0.172370927663134,-0.0402963361167964,0.108808418092416,0.0720663967784848,-0.248605772427296,0.0187330440064284,0.145563090528085,-0.0135826208589198,0.263148881864583,-0.0493735458489583,0.00693919479842484,0.0193096373166864,-0.0544273702341067,0.0636090453873539,-0.0122307154578002,1,0.00124706018372789,0.00205075821228404,-0.000627525706304404,0.0805172099229674,-0.00942150574929291,0.337358720403121,-0.113028577034327,-0.000132605507339934,-0.0421476324620241,0.114954288623827,-0.159047071427579,-0.0810400655154486,0.108865531749048,-0.0282496522444982,-0.163306621777058,-0.0637764638230506,0.14398245048725,-0.0459101578802873,0.00343129196264667,0.0543337830172376,0.133089512612271,0.0214540237881475,-0.00241032691319238
"V28",0.109264356395514,0.104047594783082,-0.0825482921856632,0.114217185115386,-0.0880644681996469,-0.011466478797641,0.133584097995252,-0.0634964806170058,0.109024805092801,0.0364157156996359,0.0844990124432426,-0.018828237637868,0.00541136184130462,0.0605958872410218,-0.0125456715650035,-0.124390161143019,0.0119360773320538,0.0534683245972983,0.0868937308184168,-0.0555890788753263,0.00831275948676368,0.274493284362617,-0.0952356988398164,-0.0356943419175115,-0.0606672432651647,0.0669664392957928,0.0346832418766037,1,0.0937833731475758,-0.000584290392117003,0.0190276840841118,0.0659994062999932,0.161772023429471,-0.104949900044357,-0.12183112344966,0.0680008235946365,0.112019680333703,-0.0283337930842287,0.0677010707088185,-0.327865031769298,0.002699206410491,0.0261043406961902,-0.161696565086132,-0.171694958395615,-0.0575881523688798,0.075978379648388,0.0760973609517712,-0.0281896236808086,-0.0360886674849336,-0.077789889484324
"V29",-0.127008131142167,-0.0109597734343722,0.0494945966777658,0.00454987508784834,-0.035949107814289,0.0634840167545544,0.105987137644995,0.0645120727305468,-0.0232519936466214,-0.0269910375516563,0.0180499556913004,0.144876619577892,-0.160040854228594,0.033373094200021,0.019013129827174,0.0132346209431337,-0.0117120907497962,0.0628535551692452,0.0745714547011203,0.13736530727638,0.0123985638709588,0.108855171871729,-0.0119449361338329,-0.0556948614265836,-0.0248208628585476,0.0225103178139627,0.228444834881838,-0.0417285826291043,1,0.0699916990676318,0.0814932368972975,-0.132919527852206,0.128897622454465,0.142901541754075,-0.0696831868995199,-0.165530902413936,0.120742905474353,0.0148145031854411,0.0559320676175602,-0.0197350529321176,-0.0384709679256465,-0.100710893595069,-0.0266611932145385,0.0143305652909152,-0.0468095730784495,-0.0829840144655414,-0.314489771062996,0.0923308454816589,0.0585664928854164,-0.0333383502662091
"V30",0.0396709021459984,-0.027884785767976,-0.00269584217734168,-0.0254069138026218,0.0386801798767914,-0.0431450264011491,-0.00972200504898279,0.0463568838138846,0.0634629219201568,0.0189116135935864,-0.0426641986799016,-0.0417945024781726,0.0608675908847311,0.022935994731729,-0.0640575344784643,0.031652486655863,-0.0392172226794633,-0.0601884607750665,0.00928233772378691,-0.025019315581086,-0.0533405891677065,-0.076202606629869,-0.0445323694702427,-0.0119842887064138,-0.03321913439413,0.0269691136187043,-0.0852617233542028,0.00741263180455619,-0.0188003262675779,1,0.0301529480085712,0.0834447501597953,0.0615653923574277,-0.0599192838663019,0.0366371569134785,0.059610152464859,0.0397316221526326,-0.00621152024053197,-0.0215717891530601,-0.0711764726579454,-0.0071747333932216,0.0365998497020248,-0.0178955204658157,-0.0830541503584069,-0.00534291597388481,0.00421163073813791,-0.0160970967690146,-0.0406176969815417,0.0278012818162988,-0.0922081365618097
"V31",-0.029659264444578,0.0649617907421408,-0.0039650942863526,0.141782212182553,-0.0945395887347265,-0.18839233381551,0.0195431260447863,0.0157975927820163,-0.0521218175073857,0.0401381823090596,0.000454403540739058,-0.00158233904897897,-0.0880187360107275,0.101475834919106,0.08772863809674,-0.0160653069092883,-0.0656754590987348,0.139152295343468,-0.00938766761284656,0.0635665314793468,-0.0399897287824574,0.0157781994845878,-0.0410686336088948,0.100609798766598,-0.183978517487598,0.345413460728779,0.0700723273678344,0.00779863213668467,0.445489310702865,0.29540834763537,1,-0.0241503596657801,0.0230489485713376,0.0419373622577441,-0.00761489939856096,-0.0341096142309017,0.0882723481319865,-0.0263344297796173,0.0112725693477878,0.0456788246956193,-0.0060769034318419,-0.045350220194568,-0.290369931321802,-0.0542052163920022,0.129164819614058,0.0973934622468452,-0.104152021702972,0.0765418045465651,0.0210875346424388,-0.06127134421464
"V32",0.00971213815728868,-0.104859420068907,-0.0195843767304759,-0.0208349437226065,0.0917901889716029,0.0479621799980288,0.0177330222755954,-0.125155404800633,-0.0194435160179943,0.0405802047696808,-0.258538585638231,-0.077196627948084,0.0935916920252396,-0.0273339029827165,-0.00545203204021216,-0.0039386423048848,0.00155427406114126,-0.108367098813761,0.0127266105643861,0.00703992924259347,-0.068572966412734,-0.123019619032936,-0.0408130271228246,-0.0277006825225923,0.176322784139758,-0.115868686335086,0.0629815962450619,-0.064930853189662,-0.131545713424479,0.424123423988308,-0.193426610848451,1,0.00750417415294821,-0.106725678596539,-0.0179598752488891,0.0458651241551184,-0.0665232501840854,0.00795683380767167,-0.131803259075578,-0.0563058719311211,0.0193165073194045,0.0268173632204032,0.0526170489780028,0.0683113477204076,-0.0440472810147049,-0.0176227042180078,0.090250502311793,-0.0370758354713362,0.0290372842444998,0.0910793701259726
"V33",0.145292222669292,-0.0458946049036028,-0.306691121535759,0.0265068016148574,-0.0268236513892128,0.0012925951615875,-0.0782052328837888,0.0411707708832487,0.0396288013142011,-0.0152170558976691,0.00267666882602834,-0.159170015067894,-0.0245861422383368,0.0513925278237249,0.101617511120629,-0.0280414031443632,-0.0170934814519935,0.034935715882258,-0.0190434706328747,-0.0970812278859047,0.105853438315737,-0.110857940257038,0.0148892828327029,0.064551074294258,0.0715961910830918,0.0626807847582747,-0.0908772040256931,0.00614374368828955,-0.0293968758008123,0.120658815212687,0.0197090776573439,0.0802718155351901,1,-0.199307906386399,0.0501819609301176,0.0314157340694212,-0.0733040457504294,0.0137417121763018,-0.0530938282304686,0.0347723228886328,-0.0137007799204599,-0.00472599005737315,0.00775129369101373,0.00321490320395985,-0.033992612042368,0.0218226654146832,0.100369806326328,-0.0524833940164297,-0.0320195069416252,-0.0642091281121943
"V34",-0.131394460309121,0.0759009577678842,-0.0904902308365473,-0.104493560370083,0.00534778264434302,0.0228018201692298,-0.0546647649263655,-0.0189787799041111,0.0166875409103721,0.123266660190521,-0.0299564194966562,0.344325503365969,-0.312915166404826,0.135805041458322,0.0670065267151044,-0.139560366421668,-0.211657260986032,0.0807078478205928,-0.0878878956911284,-0.0993197501320638,0.0176962067316148,0.450282909522581,-0.181378105671696,0.110066561515081,-0.481192813271898,-0.0393114420640109,-0.0661928638083584,0.0547429058176657,-0.0445120310867613,-0.15390637010408,-0.0376687491241728,-0.157972661424544,-0.0147534492368487,1,-0.0764292448302558,-0.298229062184536,0.0247712823241499,-0.0921584227085728,0.334112089781638,0.0144760931656858,0.0737611584621585,-0.0370945820169255,0.0350369656342588,0.0408352948930268,0.0196985141703337,-0.295950541042596,-0.503192482845763,0.0796799218539901,-0.0320888017657715,0.0387574518652162
"V35",-0.0132886702832107,0.0144636026640341,-0.00629832074892364,-0.0247249512775622,-0.00802291599644766,0.0089026871883386,0.006209814684992,-0.0718127351599505,0.0290023116321235,-0.0179952678205156,-0.00689271651215695,-0.0415515925224897,0.125350053464844,-0.157309112650691,0.073964215007811,-0.038305011349126,-0.0223961455956304,0.0110227159095579,0.0456669425206325,0.0645251740237283,-0.0536995714618567,0.104854674618455,0.0300396023136561,-0.124901147062727,-0.43670840501745,0.0306642255433195,-0.018038382825429,0.530892935410684,-0.0371279378427889,-0.048402893254296,-0.0141749540351946,0.0810781533591886,0.0596636210255316,-0.0942865090769254,1,0.0963425842491476,0.0077898684616792,-0.0569623692816826,-0.223083125961034,-0.180182312903439,-0.0673669186534471,0.0583542101348328,-0.617819159933399,-0.128199820645631,-0.110210935548273,0.0459935944152301,0.074406886196138,0.120286857583756,-0.0944878740883661,0.0495749893995125
"V36",-0.164551516548745,-0.0427680755316108,0.022653765516945,-0.0669635246846389,-0.0770373257039686,0.0315778246663705,-0.0430878557439954,-0.0388618900637153,-0.092478377309999,0.0276300223809837,-0.113255040497642,0.0216606066846969,-0.113433393438274,-0.0227595468199839,-0.0398635773610777,-0.0448267609486246,-0.00805759175096384,-0.137647447108395,0.0173808280880441,-0.0208721144459601,-0.0214325093730851,0.0983675374391495,-0.0750909733926109,0.0407094476529764,0.0461716043114681,0.0352365625095799,0.0505548177896961,0.00411889762537391,0.116923690824613,0.035486014458188,0.0497404838781798,-0.0255413503430636,-0.0493604592760847,0.0510840926088664,-0.0493181580038838,1,0.083937343966005,-0.0868099853503786,0.0844269707413136,0.0197094604805216,0.0479249465215441,0.0943474832175939,-0.0202028093696679,-0.0354662650826755,-0.063943451510006,-0.143226137213024,-0.119820254674521,0.012714531921379,0.0369932593035066,0.0126934357161856
"V37",0.0673597154215793,-0.0262098780082838,0.0181090894225861,-0.0124346284004835,0.045317757864927,-0.11490819517689,-0.00622623027033,-0.0406777398599512,-0.0331556889388872,0.0139372514971315,0.0459582767741947,0.0748071072253373,0.124417353375234,0.0115059460983189,-0.129619367613019,-0.00161023469480665,-0.0285607318502498,0.0145627595233643,0.0235519863834941,0.0407538604503386,0.0541344755123922,-0.0512480777604256,0.0460935156310566,0.0649773304375443,0.0235928069934304,-0.0605280104679353,-0.0156611961837297,-0.0613080765092225,-0.0113747912512097,-0.0133580686078514,0.00343650979225075,0.00314643596027296,-0.0244800190239442,-0.023660142967706,0.0272593373876529,0.0310192872914148,1,-0.0454728284676396,-0.0489233843319697,-0.000356168175877091,0.0967160895572488,0.0114933244175639,0.0690693996147516,-0.035361237759245,0.0524407702340724,0.074370948516091,0.0741122756702886,0.0369450315714165,-0.0123064835092372,-0.00146958716362757
"V38",-0.0449385161451198,0.0651274205984289,0.0780264251859703,-0.0342689782961825,0.041654530120397,0.00974754559268204,-0.100576656709986,-0.0939585847137625,-0.0466242317424142,-0.360454285540807,0.027844257711067,0.0609580343259445,0.0218789372172169,0.09722137106668,0.00779129334076574,-0.00287402963994076,0.180399588507501,0.04494771017959,0.023972966454485,0.021300701026736,-0.0632338712752493,0.0375875890617941,-0.0180523040109473,-0.0155185008995787,-0.0396045882047883,0.111841963874521,0.0604822887630078,-0.0622476899726257,0.127482358155429,-0.0680278811546407,-0.0341987848257006,0.0387714162292138,-0.061878941824387,0.108895951637738,-0.03246933072924,-0.12339490695671,0.0464174234123625,1,0.124991135182252,0.0636758743388955,-0.0814794495313878,0.0527547341550087,-0.00951700062261323,-0.308912364429884,-0.03007220246251,-0.0497141961441205,-0.0653851150324193,-0.061391971978491,-0.122251042214457,-0.118202361704695
"V39",-0.0148202142220672,-0.0791006202575396,-0.0516383248227454,0.04187052695366,0.0319679650587588,0.0182592610472706,0.0277553540362853,-0.0382660066648093,-0.0124868698054421,0.0701969557752751,0.00593444680198239,0.0271302619949092,-0.0846954621030782,0.306030552319947,-0.0265519522952626,-0.0743408294391428,-0.0498099923763562,0.0625464316132687,-0.0834164535775433,0.0180080588599493,0.106058904453956,-0.0358952035776465,-0.0294026905259897,0.220311602829265,0.0541841207742608,0.0545273100121603,0.0531516010713846,-0.126312654721406,0.00925969092566604,-0.0910984570823034,-0.0580155776059226,-0.114465041885314,-0.0130432862918452,-0.0233662658443876,-0.0511537230108206,-0.00859699484576481,-0.0937800429955407,0.161889536877897,1,0.0760011665107862,0.114680423663773,-0.0428751518165325,0.0991075052067544,-0.0854530983576387,0.00684094060215527,-0.036918372878246,-0.014692974212287,-0.192586032450989,0.0488606799693489,-0.123911921371712
"V40",-0.00634715079600572,0.0652123757863641,0.163302334556174,-0.10897873904653,-0.0442141955184557,0.0376867876307104,0.0111686115266609,-0.0147875530122504,-0.0111784508297282,-0.00802668377719907,-0.0232967310649535,0.0812030152030364,-0.117868143599233,-0.0045362501172772,-0.077605483187554,-0.00411407934089268,-0.0365464994030835,0.0226319101966175,-0.0237271805686126,-0.107121831029759,0.115704924392242,0.159094992751626,-0.135397864371894,0.020729536789852,-0.225117092692043,-0.0869840186908265,0.0305269557671415,0.11726673259756,0.0637811192747416,-0.0221000415550793,0.042547206251614,-0.0759640304800516,-0.343684953315894,0.19344420586556,0.222660472878893,-0.0017956762146086,-0.00746048682108545,0.0352838609897796,-0.0392337401657033,1,0.090339698359918,-0.159307938884613,-0.149815596555434,0.456005338571094,0.0111926312230163,-0.0815500184085244,-0.127273662143552,-0.0549811586343449,-0.00972408681517795,0.148565772863523
"V41",-0.00367954115613825,-0.0426259377750181,0.00352738443393405,-0.000714749677010896,-0.0194408238915199,0.0572992955353528,0.0225258712177429,-0.034309417623475,0.0262341784221352,0.200030315665376,-0.0962445192452201,0.0504540859629462,0.00500999490667311,0.0220231864254457,0.0517219380934121,-0.00188946399511804,-0.0912614598339367,-0.411604732506622,-0.0409569352903551,-0.112603880488246,0.0396600834621194,0.0241823727167232,0.0804864063827911,-0.0104740243169845,0.0511046777762587,-0.0233544709458545,0.00227671972874746,-0.0103216983521168,-0.0223910877291086,0.0449318608489798,-0.103319346288073,0.0537458547436989,-0.000744012039872843,-0.00154071525130338,0.0748388017282968,0.0246398236741104,0.00238141413492637,-0.0956706482230101,-0.110010755244549,-0.0131794952077432,1,0.131514713380681,0.00663925021589754,-0.27000067974504,-0.056699812435698,-0.0562772977833952,-0.00792575292950772,0.10791182427507,0.0576185426576003,-0.015343191107596
"V42",0.0520933654237438,0.0878322827955745,-0.0229002722217812,0.00652704138853518,0.0250220774009772,0.108062269074104,0.0275963821813484,0.0149429436736324,-0.0609212809377954,0.0230634158146962,0.045425123529496,-0.0470837254376336,0.0708083359019081,-0.0174746699632199,-0.107136729272105,-0.0388924780021516,0.0783277867775128,-0.0943171243252295,0.037978179274974,0.0870230214138125,0.0337932228083018,0.000725741081859504,-0.0530869985850503,0.0659604029351341,0.0991034949552213,-0.118791520962287,-0.0669631208246191,-0.0779010979577937,-0.140211752783281,-0.0981618736451593,-0.383645305706717,0.0220569619381221,-0.108394198219928,0.00762686085807973,-0.102080035262021,0.021928832581796,-9.10859216965969e-05,0.0533957469205344,-0.0159311161784412,0.0844683598569162,0.0962660499011254,1,0.150570563763388,-0.0657205900035756,0.0480933516901934,0.0330379475742671,0.0771466092172243,0.00772707637851364,0.0170063696233143,-0.108487689484515
"V43",0.0488960511445354,0.0334562366516483,-0.0554545527647081,-0.0934197271683131,0.121213228202185,0.0698338469783658,0.0976238283819239,-0.0414088155119011,0.0441711169749353,-0.0868895387619553,0.0173776877679086,0.0730608687332691,0.0606790284932112,-0.0079838130780806,-0.0820392643283533,-0.00226581195139816,0.102258447102523,0.0630244660208538,0.0776215874990986,0.0288733337051011,0.06220822087217,-0.0976945357045948,0.0860943679687304,-0.0157121914965594,0.400301809080823,-0.0472395038211976,-0.116869044189162,-0.276144011324961,-0.11476075832005,0.0402869506677246,0.0315067195995284,0.134623092736708,-0.039259881371209,-0.015304489101368,0.0957311586617661,0.00204770185991284,-0.0444865236949862,-0.0951708984466736,-0.147221563064829,-0.0159359348109638,-0.0173197225443637,-0.0956194407207425,1,0.17948806124141,-0.00720982884734599,-0.0679172977462047,0.078909148765537,-0.0097573222951867,-0.122352394217389,0.0729137815888422
"V44",-0.0195309358990414,0.0591892211709688,-0.0643152258271867,-0.0886704575986767,0.0531680405416938,-0.097678124217864,0.0143747778522597,0.0611357050212121,0.00820394086253792,-0.0409345556061715,-0.0461529653902879,-0.0147556316188767,-0.00486596091283478,-0.0264080111572486,0.0324602572128878,-0.00433523828631016,0.0877402055627196,0.268509495457661,-0.0578251591897727,-0.0441751485359245,-0.0523247669899634,-0.139325702781598,-0.0293932692448252,0.00811636957740675,-0.0198460914114955,-0.0686831774794456,0.00397996142852402,-0.0665025911116349,-0.00711873401853343,0.117848369474959,0.203052427052609,0.0594947933317211,-0.00389167302533122,-0.0855250488492626,-0.0879440338703049,0.0161593059674315,0.0854429186901629,0.000852864075620401,-0.0376764802768314,0.0293527527433573,-0.0517508512910815,-0.40304176125911,0.0233432709056001,1,-0.0018571129619053,0.0851304858109934,0.0922688738353632,0.0243849165972165,-0.00326955085098117,0.48920859733228
"V45",-0.0342658541467839,-0.0371751494975375,-0.172177032736052,-0.0472602066284409,-0.029979642715896,0.0318100605229627,0.0477910383035159,-0.0541407650862049,-0.0194611855000579,-0.121512109707108,0.0358091535123993,-0.0474205101293509,0.122258163348618,-0.0465901506439258,-0.051272996350838,0.0280896389617041,0.161712021605054,-0.115117460607185,-0.00113349709007437,0.00225928497737049,0.047700045324976,-0.180926767396194,0.0691705777471822,-0.00644848817603005,0.0384269673319098,-0.365629984431078,-0.0517428448942057,-0.0232520546957609,-0.22784343102317,0.0120962044868606,-0.0224107742001997,0.0102123869403679,0.0512804945051369,-0.0270657119465937,-0.0278549033968414,-0.0542441033437863,-0.0744700285377038,0.11251374414923,0.0642466667568287,-0.0362248062730577,0.0414612741358098,-0.00911003313632253,0.0604425282283827,-0.14025340408477,1,-0.0726681348334861,0.0773432071453166,0.103006997073534,-0.0208947801990147,-0.055163353597758
"V46",-0.00874706589078578,0.0210084015478821,-0.120625731668194,-0.0104340394399148,-0.0291202357909019,0.0196886546555049,-0.0666829468404366,-0.0169185667651967,-0.0436489162448401,-0.0572598021423449,-0.0150787043085609,-0.0321835648583374,0.0392121167958588,0.00146399180514006,0.0102073990871538,-0.0307792883215273,0.084767499908047,-0.0692681241161685,0.0922968801142718,0.0490523042121105,-0.0977784071011814,-0.0320931785375014,-0.0458520793489748,-0.103651925133097,0.0598001679997176,-0.0164426236442512,0.0732664864380689,-0.00211496946913755,0.00671188780437614,0.0667482582838289,0.00865206239988168,0.0758742459778035,0.137140044007163,0.0130035313877417,-0.136796948031665,0.030430009866088,0.143547550220712,0.108363949096612,-0.483158333754838,0.0174506607086505,-0.0406591445447026,-0.038030016370784,0.0428329116575325,0.0284096092010544,-0.0713254874913333,1,0.0120481945916837,0.112908187210793,0.011995735273176,0.0616342544030383
"V47",0.233625805682972,0.0141927518898752,0.0721304029737221,-0.0363806832327256,0.0266022723846282,0.0967661497863244,0.0301995490929372,0.0361637242439872,0.0519063184885621,-0.273436646425823,0.000526721363154374,-0.159262986815328,0.651438915036518,-0.00275426751973263,-0.123617752429942,0.0410411262775643,0.426902933130625,0.0220897963194743,0.13268893313392,0.0946757450387146,0.0485023108478886,-0.450218700316141,0.181024211923473,0.026465775983045,0.227673925108287,0.066399102663847,0.0131846391484306,-0.0260782341393312,0.00652001623660687,0.231640793653473,0.00950705477532618,0.467266504762989,0.0350981727875016,-0.453875095748804,-0.00395245745529335,0.343271723279594,0.000621910135635396,0.190862812846007,-0.0087895729056115,0.0218024377907679,0.0432401849214226,-0.00019330484858605,0.0430722706375666,-0.0700042133721318,-0.03515686448365,0.0265503878858755,1,0.00674007705184509,-0.04843149149551,-0.0169771670550548
"V48",0.0509233815958082,0.0519748349229318,-0.0151524611504686,0.0142837838279324,-0.0528849615582075,0.0667602718662431,-0.00321096326247959,-0.0409322880836706,0.0678724985553259,0.220548223762152,0.0201124843750425,-0.0415792834972785,0.0505575581481247,0.0162064107770201,0.0091715383472097,0.0320195326253715,-0.100397922082662,0.219191446058178,-0.0859831308399591,-0.00742745276503199,0.0122709604541422,-0.0330663076714844,0.0118112296938834,0.132867535709436,-0.0268171296119797,-0.039194433110199,-0.0612008171907356,-0.057736845943823,-0.0178850732484663,0.0542529497980093,-0.0250850259861672,0.0717359635390672,-0.0366367318711184,0.0444300949949729,-0.00541386512069299,0.0280391243120378,0.00919125874522769,-0.316592605653065,0.0488155185230396,-0.0419502596104448,0.0732380732663954,0.0181158070643047,0.053202679133193,0.0063919318016194,0.0475006857036862,-0.170108003750846,-0.0308419999519321,1,0.0360729187637997,-0.0362871115538715
"V49",-0.00710594920955867,0.0958214603848801,-0.0374397888685694,0.0664399864471703,-0.0120324126085618,-0.0429567716859998,0.0413449106309283,-0.00138112407688736,-0.00366980859165131,-0.0456421292526431,0.011703624130859,-0.0345962611618228,0.00298872885060248,-0.0744061537549114,-0.027028886395438,-0.0234600613745526,0.0776489773177444,-0.509955653887824,0.0576611557157859,0.0775611318411485,0.0183226739343936,0.128256365389408,0.00486951049103835,-0.0646375150785329,0.0692886771978963,-0.0127104710469832,0.0850321582793576,0.00529012714672324,-0.0435441831537572,0.00893231709957136,0.00506878162412733,0.0322244764200162,0.109982963025067,-0.0230568766094571,0.126793288253087,-0.0424910883224161,0.026084582551205,0.0105562990426521,-0.362021365770824,-0.0225353842391099,-0.099622145375502,-0.032141404271196,-0.0832915873765367,-0.0256935912882059,-0.0742671110855484,0.0521311995396369,-0.0094861091428306,0.0668040317932625,1,-0.00333263018939464
"V50",-0.00903620211847076,-0.032186055065737,-0.0398991710641036,-0.0308734108686689,-0.0840536269975178,-0.0566847613833139,-0.0250594364601367,0.1062000192964,0.046811071464515,0.0202157479646359,0.0143443035234508,-0.0512762596721232,0.0692001409660072,-0.0590852946357602,0.103049297432697,-0.0212445853797539,0.089883492773881,-0.0484177596880117,-0.0290838760914865,-0.0381943528367954,-0.0389204262081427,-0.0397741990511403,0.0621888704231007,0.0487632636795063,0.0984812650759157,-0.322060488482464,-0.0944743022290524,-0.036424349775859,-0.170696643249226,0.117361678260425,0.0158509853582844,0.12852215060724,0.0224579610733563,-0.0437798275431104,-0.110710509033386,0.102751321801132,0.0477082938401503,0.0388019332072938,0.0263222138957652,0.0287036454180651,-0.0531276487395709,0.0461985447079366,0.0375231535748241,-0.0728836991264305,-0.0441356531191114,0.015363479772398,0.0824001504894001,0.0309692147382048,-0.087237354268677,1
