donor,edge,i,j,snp,genotype,R_hat_ij,true_weight_base
Donor1,"(19,8)",19,8,17,1,-0.484660478666,-0.397123906072296
Donor2,"(19,8)",19,8,17,1,-0.631928817662848,-0.397123906072296
Donor3,"(19,8)",19,8,17,0,0.196798045198366,-0.397123906072296
Donor4,"(19,8)",19,8,17,1,-1.10427095417749,-0.397123906072296
Donor5,"(19,8)",19,8,17,1,-0.679819732823794,-0.397123906072296
Donor6,"(19,8)",19,8,17,1,-0.819990894343856,-0.397123906072296
Donor7,"(19,8)",19,8,17,0,0.639407468718662,-0.397123906072296
Donor8,"(19,8)",19,8,17,0,,-0.397123906072296
Donor1,"(17,13)",17,13,18,0,0.155424300756699,-0.474464538304906
Donor2,"(17,13)",17,13,18,1,-0.868127812076822,-0.474464538304906
Donor3,"(17,13)",17,13,18,0,-0.154185216857047,-0.474464538304906
Donor4,"(17,13)",17,13,18,2,-1.08343320119285,-0.474464538304906
Donor5,"(17,13)",17,13,18,0,-0.203833808718908,-0.474464538304906
Donor6,"(17,13)",17,13,18,1,,-0.474464538304906
Donor7,"(17,13)",17,13,18,0,,-0.474464538304906
Donor8,"(17,13)",17,13,18,0,0.0508307055454091,-0.474464538304906
Donor1,"(18,5)",18,5,12,1,0.210949771196244,0.361445433030245
Donor2,"(18,5)",18,5,12,1,1.0765265490603,0.361445433030245
Donor3,"(18,5)",18,5,12,0,-0.511160090775164,0.361445433030245
Donor4,"(18,5)",18,5,12,2,,0.361445433030245
Donor5,"(18,5)",18,5,12,1,0.225814018193572,0.361445433030245
Donor6,"(18,5)",18,5,12,1,0.0936611466575954,0.361445433030245
Donor7,"(18,5)",18,5,12,2,,0.361445433030245
Donor8,"(18,5)",18,5,12,1,-0.132659128866924,0.361445433030245
Donor1,"(3,9)",3,9,14,0,-0.509283703537185,0.309957709720622
Donor2,"(3,9)",3,9,14,1,-0.132486105566283,0.309957709720622
Donor3,"(3,9)",3,9,14,2,0.603290879500587,0.309957709720622
Donor4,"(3,9)",3,9,14,2,,0.309957709720622
Donor5,"(3,9)",3,9,14,2,0.935215950379667,0.309957709720622
Donor6,"(3,9)",3,9,14,1,0.227312571385066,0.309957709720622
Donor7,"(3,9)",3,9,14,0,-0.297873004681029,0.309957709720622
Donor8,"(3,9)",3,9,14,1,0.511103597757715,0.309957709720622
Donor1,"(10,17)",10,17,8,0,-0.277173960254529,-0.301530384660177
Donor2,"(10,17)",10,17,8,0,-0.515070684410946,-0.301530384660177
Donor3,"(10,17)",10,17,8,1,-0.601855098245822,-0.301530384660177
Donor4,"(10,17)",10,17,8,0,,-0.301530384660177
Donor5,"(10,17)",10,17,8,0,-0.415667418689447,-0.301530384660177
Donor6,"(10,17)",10,17,8,1,,-0.301530384660177
Donor7,"(10,17)",10,17,8,0,-0.332361070934753,-0.301530384660177
Donor8,"(10,17)",10,17,8,1,-0.811682716699675,-0.301530384660177
Donor1,"(10,16)",10,16,18,0,0.184339769950181,0.393559489284955
Donor2,"(10,16)",10,16,18,1,0.855513061545767,0.393559489284955
Donor3,"(10,16)",10,16,18,0,-0.109064934267226,0.393559489284955
Donor4,"(10,16)",10,16,18,2,,0.393559489284955
Donor5,"(10,16)",10,16,18,0,0.356358255490746,0.393559489284955
Donor6,"(10,16)",10,16,18,1,0.397963627420161,0.393559489284955
Donor7,"(10,16)",10,16,18,0,-0.233642082767787,0.393559489284955
Donor8,"(10,16)",10,16,18,0,0.0775389931671648,0.393559489284955
